"Club_ExternID","Club_HRV_Latitude","Club_HRV_Longitude"
11001,47.922206846624,9.760202295638676
11002,49.230058788183385,9.1691894401694
11003,48.02017812586597,7.5879532575923525
11004,49.458042727883004,8.987593716036981
11101,49.961796644126196,9.134146299290668